CustomerID,FName,LName,Email,PhoneNo
1,Joe,Scruton,jscruton0@nature.com,936-193-6112
2,Maryrose,Cyphus,mcyphus1@sakura.ne.jp,931-391-5818
3,Simonette,Brownstein,sbrownstein2@chron.com,266-266-4640
4,Paddy,Ismay,pismay3@cbslocal.com,365-880-8115
5,Talyah,Eglinton,teglinton4@angelfire.com,989-397-2845
6,Dame,Garrish,dgarrish5@epa.gov,832-825-1064
7,Abagail,MacCaull,amaccaull6@rakuten.co.jp,746-325-4829
8,Hube,Treherne,htreherne7@uol.com.br,654-611-8260
9,Raleigh,Moncey,rmoncey8@reddit.com,944-681-9709
10,Maxy,Edgeler,medgeler9@amazon.com,169-738-5445
11,Carolus,Buttfield,cbuttfielda@amazon.com,706-409-2409
12,Nan,Burdett,nburdettb@huffingtonpost.com,801-519-4752
13,Kearney,Furnell,kfurnellc@sbwire.com,135-717-4055
14,Noellyn,Stout,nstoutd@blog.com,103-303-2150
15,Biddy,Stanlick,bstanlicke@zimbio.com,693-187-5767
16,Kevin,Goreway,kgorewayf@yahoo.com,872-864-2791
17,Colin,Smissen,csmisseng@domainmarket.com,228-758-0285
18,Geneva,Slides,gslidesh@51.la,789-907-7983
19,Lamont,Eltringham,leltringhami@geocities.com,972-471-9396
20,Bev,Cowsby,bcowsbyj@squidoo.com,600-906-0520
21,Paule,Dallender,pdallenderk@sun.com,768-304-7576
22,Emlen,Birley,ebirleyl@alibaba.com,196-652-3225
23,Tallie,Kneale,tknealem@independent.co.uk,567-637-8935
24,Derril,Twell,dtwelln@techcrunch.com,328-853-7882
25,Adham,Polden,apoldeno@berkeley.edu,794-479-5584
26,Newton,Wattingham,nwattinghamp@ca.gov,950-840-5159
27,Hyman,McMahon,hmcmahonq@techcrunch.com,896-833-3316
28,Ilyssa,Hanhart,ihanhartr@livejournal.com,761-132-0147
29,Jourdain,Crocken,jcrockens@admin.ch,771-162-2631
30,Erv,Staines,estainest@cdbaby.com,773-713-0852
31,Jan,Negro,jnegrou@oaic.gov.au,711-898-5098
32,Bunnie,Whatsize,bwhatsizev@fastcompany.com,710-378-4509
33,Page,Buckenhill,pbuckenhillw@cafepress.com,841-743-9976
34,Katya,Ferreo,kferreox@fda.gov,622-864-7477
35,Dede,Priestland,dpriestlandy@springer.com,591-577-9125
36,Amandi,Brockhurst,abrockhurstz@sfgate.com,843-261-6627
37,Demott,Power,dpower10@cornell.edu,244-571-6360
38,Janaye,Ives,jives11@dion.ne.jp,885-444-7111
39,Duffie,Pirri,dpirri12@virginia.edu,210-555-8329
40,Sandy,Bulley,sbulley13@mysql.com,493-461-6416
41,Josey,Stampe,jstampe14@mlb.com,635-803-9908
42,Reginauld,Arstall,rarstall15@paypal.com,874-315-2634
43,Emmanuel,Vampouille,evampouille16@ted.com,989-476-6318
44,Anderea,Hasely,ahasely17@ask.com,767-273-8096
45,Andres,Shoemark,ashoemark18@smugmug.com,721-459-9841
46,Madelin,Roughley,mroughley19@yolasite.com,871-667-8903
47,Ebeneser,Normand,enormand1a@netlog.com,769-580-5932
48,Freeland,Carden,fcarden1b@youku.com,186-181-1506
49,Rafi,Dykes,rdykes1c@artisteer.com,510-826-8118
50,Brit,Goodhall,bgoodhall1d@bloomberg.com,885-544-8870